<?xml version="1.0" encoding="UTF-8"?>
<project-private xmlns="http://www.netbeans.org/ns/project-private/1">
    <editor-bookmarks xmlns="http://www.netbeans.org/ns/editor-bookmarks/2" lastBookmarkId="0"/>
    <open-files xmlns="http://www.netbeans.org/ns/projectui-open-files/2">
        <group>
            <file>file:/C:/Users/max72/Documents/GitHub/java-ej/GymV2/src/Services/RutinaService.java</file>
            <file>file:/C:/Users/max72/Documents/GitHub/java-ej/GymV2/src/Services/GimnasioService.java</file>
            <file>file:/C:/Users/max72/Documents/GitHub/java-ej/GymV2/src/Entidades/Rutina.java</file>
            <file>file:/C:/Users/max72/Documents/GitHub/java-ej/GymV2/src/Entidades/Gimnasio.java</file>
            <file>file:/C:/Users/max72/Documents/GitHub/java-ej/GymV2/src/Entidades/Cliente.java</file>
            <file>file:/C:/Users/max72/Documents/GitHub/java-ej/GymV2/src/Services/ClienteService.java</file>
            <file>file:/C:/Users/max72/Documents/GitHub/java-ej/GymV2/src/desafiogrupaldia18/DesafioGrupalDia18.java</file>
        </group>
    </open-files>
</project-private>
